bundle,path,size_bytes,mtime_epoch
addons,addons/ha-addons/.DS_Store,6148,1725386750
addons,addons/ha-addons/.git/HEAD,21,1725386750
addons,addons/ha-addons/.git/config,270,1725386750
addons,addons/ha-addons/.git/description,73,1725386724
addons,addons/ha-addons/.git/hooks/applypatch-msg.sample,478,1725386724
addons,addons/ha-addons/.git/hooks/commit-msg.sample,896,1725386724
addons,addons/ha-addons/.git/hooks/post-update.sample,189,1725386724
addons,addons/ha-addons/.git/hooks/pre-applypatch.sample,424,1725386724
addons,addons/ha-addons/.git/hooks/pre-commit.sample,1643,1725386724
addons,addons/ha-addons/.git/hooks/pre-merge-commit.sample,416,1725386724
addons,addons/ha-addons/.git/hooks/pre-push.sample,1374,1725386724
addons,addons/ha-addons/.git/hooks/pre-rebase.sample,4898,1725386724
addons,addons/ha-addons/.git/hooks/pre-receive.sample,544,1725386724
addons,addons/ha-addons/.git/hooks/prepare-commit-msg.sample,1492,1725386724
addons,addons/ha-addons/.git/hooks/push-to-checkout.sample,2783,1725386724
addons,addons/ha-addons/.git/hooks/sendemail-validate.sample,2308,1725386724
addons,addons/ha-addons/.git/hooks/update.sample,3650,1725386724
addons,addons/ha-addons/.git/index,19099,1745181114
addons,addons/ha-addons/.git/info/exclude,240,1725386724
addons,addons/ha-addons/.git/logs/HEAD,196,1725386750
addons,addons/ha-addons/.git/logs/refs/heads/main,196,1725386750
addons,addons/ha-addons/.git/logs/refs/remotes/origin/HEAD,196,1725386750
addons,addons/ha-addons/.git/objects/pack/pack-667bc7075274f43e6a031febfaa9498936874470.idx,24312,1725386750
addons,addons/ha-addons/.git/objects/pack/pack-667bc7075274f43e6a031febfaa9498936874470.pack,22214912,1725386750
addons,addons/ha-addons/.git/objects/pack/pack-667bc7075274f43e6a031febfaa9498936874470.rev,3372,1725386750
addons,addons/ha-addons/.git/packed-refs,769,1725386750
addons,addons/ha-addons/.git/refs/heads/main,41,1725386750
addons,addons/ha-addons/.git/refs/remotes/origin/HEAD,30,1725386750
addons,addons/ha-addons/LICENSE,11356,1725386750
addons,addons/ha-addons/README.md,2006,1725386750
addons,addons/ha-addons/repository.yaml,116,1725386750
addons,addons/ha-addons/whatsapp_addon/.DS_Store,6148,1725386750
addons,addons/ha-addons/whatsapp_addon/.devcontainer/devcontainer.json,800,1725386750
addons,addons/ha-addons/whatsapp_addon/.vscode/tasks.json,450,1725386750
addons,addons/ha-addons/whatsapp_addon/Baileys/.eslintignore,120,1725386750
addons,addons/ha-addons/whatsapp_addon/Baileys/.eslintrc.json,877,1725386750
addons,addons/ha-addons/whatsapp_addon/Baileys/.gitattributes,66,1725386750
addons,addons/ha-addons/whatsapp_addon/Baileys/.github/FUNDING.yml,41,1725386750
addons,addons/ha-addons/whatsapp_addon/Baileys/.github/ISSUE_TEMPLATE/bug_report.md,691,1725386750
addons,addons/ha-addons/whatsapp_addon/Baileys/.github/ISSUE_TEMPLATE/config.yml,156,1725386750
addons,addons/ha-addons/whatsapp_addon/Baileys/.github/ISSUE_TEMPLATE/feature-requests.md,390,1725386750
addons,addons/ha-addons/whatsapp_addon/Baileys/.github/workflows/lint.yml,355,1725386750
addons,addons/ha-addons/whatsapp_addon/Baileys/.github/workflows/manual-release.yml,1343,1725386750
addons,addons/ha-addons/whatsapp_addon/Baileys/.github/workflows/pr-comment.yml,1117,1725386750
addons,addons/ha-addons/whatsapp_addon/Baileys/.github/workflows/publish-release.yml,2557,1725386750
addons,addons/ha-addons/whatsapp_addon/Baileys/.github/workflows/stale.yml,613,1725386750
addons,addons/ha-addons/whatsapp_addon/Baileys/.github/workflows/update-docs.yml,1215,1725386750
addons,addons/ha-addons/whatsapp_addon/Baileys/.github/workflows/update-nightly.yml,2167,1725386750
addons,addons/ha-addons/whatsapp_addon/Baileys/.github/workflows/update-proto.yml,1902,1725386750
addons,addons/ha-addons/whatsapp_addon/Baileys/.gitignore,234,1725386750
addons,addons/ha-addons/whatsapp_addon/Baileys/.npmignore,0,1725386750
addons,addons/ha-addons/whatsapp_addon/Baileys/.prettierignore,1,1725386750
addons,addons/ha-addons/whatsapp_addon/Baileys/.release-it.yml,281,1725386750
addons,addons/ha-addons/whatsapp_addon/Baileys/CHANGELOG.md,241,1725386750
addons,addons/ha-addons/whatsapp_addon/Baileys/Example/boot_analytics_test.json,24700,1725386750
addons,addons/ha-addons/whatsapp_addon/Baileys/Example/example.ts,10411,1725386750
addons,addons/ha-addons/whatsapp_addon/Baileys/LICENSE,1071,1725386750
addons,addons/ha-addons/whatsapp_addon/Baileys/Media/.gitignore,18,1725386750
addons,addons/ha-addons/whatsapp_addon/Baileys/README.md,34930,1725386750
addons,addons/ha-addons/whatsapp_addon/Baileys/WAProto/GenerateStatics.sh,301,1725386750
addons,addons/ha-addons/whatsapp_addon/Baileys/WAProto/WAProto.proto,106961,1725386750
addons,addons/ha-addons/whatsapp_addon/Baileys/WAProto/index.d.ts,1618198,1725386750
addons,addons/ha-addons/whatsapp_addon/Baileys/WAProto/index.js,5188815,1725386750
addons,addons/ha-addons/whatsapp_addon/Baileys/WASignalGroup/GroupProtocol.js,78531,1725386750
addons,addons/ha-addons/whatsapp_addon/Baileys/WASignalGroup/ciphertext_message.js,264,1725386750
addons,addons/ha-addons/whatsapp_addon/Baileys/WASignalGroup/generate-proto.sh,102,1725386750
addons,addons/ha-addons/whatsapp_addon/Baileys/WASignalGroup/group.proto,977,1725386750
addons,addons/ha-addons/whatsapp_addon/Baileys/WASignalGroup/group_cipher.js,4040,1725386750
addons,addons/ha-addons/whatsapp_addon/Baileys/WASignalGroup/group_session_builder.js,1879,1725386750
addons,addons/ha-addons/whatsapp_addon/Baileys/WASignalGroup/index.js,341,1725386750
addons,addons/ha-addons/whatsapp_addon/Baileys/WASignalGroup/keyhelper.js,453,1725386750
addons,addons/ha-addons/whatsapp_addon/Baileys/WASignalGroup/protobufs.js,78,1725386750
addons,addons/ha-addons/whatsapp_addon/Baileys/WASignalGroup/queue_job.js,2078,1725386750
addons,addons/ha-addons/whatsapp_addon/Baileys/WASignalGroup/readme.md,320,1725386750
addons,addons/ha-addons/whatsapp_addon/Baileys/WASignalGroup/sender_chain_key.js,1147,1725386750
addons,addons/ha-addons/whatsapp_addon/Baileys/WASignalGroup/sender_key_distribution_message.js,2050,1725386750
addons,addons/ha-addons/whatsapp_addon/Baileys/WASignalGroup/sender_key_message.js,2588,1725386750
addons,addons/ha-addons/whatsapp_addon/Baileys/WASignalGroup/sender_key_name.js,1372,1725386750
addons,addons/ha-addons/whatsapp_addon/Baileys/WASignalGroup/sender_key_record.js,1652,1725386750
addons,addons/ha-addons/whatsapp_addon/Baileys/WASignalGroup/sender_key_state.js,4809,1725386750
addons,addons/ha-addons/whatsapp_addon/Baileys/WASignalGroup/sender_message_key.js,917,1725386750
addons,addons/ha-addons/whatsapp_addon/Baileys/jest.config.js,223,1725386750
addons,addons/ha-addons/whatsapp_addon/Baileys/package.json,2868,1725386750
addons,addons/ha-addons/whatsapp_addon/Baileys/proto-extract/.gitignore,22,1725386750
addons,addons/ha-addons/whatsapp_addon/Baileys/proto-extract/README.md,433,1725386750
addons,addons/ha-addons/whatsapp_addon/Baileys/proto-extract/index.js,13229,1725386750
addons,addons/ha-addons/whatsapp_addon/Baileys/proto-extract/package.json,320,1725386750
addons,addons/ha-addons/whatsapp_addon/Baileys/proto-extract/yarn.lock,14812,1725386750
addons,addons/ha-addons/whatsapp_addon/Baileys/src/Defaults/baileys-version.json,29,1725386750
addons,addons/ha-addons/whatsapp_addon/Baileys/src/Defaults/index.ts,4509,1725386750
addons,addons/ha-addons/whatsapp_addon/Baileys/src/Defaults/phonenumber-mcc.json,2883,1725386750
addons,addons/ha-addons/whatsapp_addon/Baileys/src/Signal/libsignal.ts,4657,1725386750
addons,addons/ha-addons/whatsapp_addon/Baileys/src/Socket/Client/abstract-socket-client.ts,563,1725386750
addons,addons/ha-addons/whatsapp_addon/Baileys/src/Socket/Client/index.ts,115,1725386750
addons,addons/ha-addons/whatsapp_addon/Baileys/src/Socket/Client/mobile-socket-client.ts,1598,1725386750
addons,addons/ha-addons/whatsapp_addon/Baileys/src/Socket/Client/web-socket-client.ts,1452,1725386750
addons,addons/ha-addons/whatsapp_addon/Baileys/src/Socket/business.ts,5704,1725386750
addons,addons/ha-addons/whatsapp_addon/Baileys/src/Socket/chats.ts,25170,1725386750
addons,addons/ha-addons/whatsapp_addon/Baileys/src/Socket/groups.ts,10202,1725386750
addons,addons/ha-addons/whatsapp_addon/Baileys/src/Socket/index.ts,362,1725386750
addons,addons/ha-addons/whatsapp_addon/Baileys/src/Socket/messages-recv.ts,27350,1725386750
addons,addons/ha-addons/whatsapp_addon/Baileys/src/Socket/messages-send.ts,21856,1725386750
addons,addons/ha-addons/whatsapp_addon/Baileys/src/Socket/registration.ts,7533,1725386750
addons,addons/ha-addons/whatsapp_addon/Baileys/src/Socket/socket.ts,20495,1725386750
addons,addons/ha-addons/whatsapp_addon/Baileys/src/Store/index.ts,177,1725386750
addons,addons/ha-addons/whatsapp_addon/Baileys/src/Store/make-cache-manager-store.ts,2512,1725386750
addons,addons/ha-addons/whatsapp_addon/Baileys/src/Store/make-in-memory-store.ts,14108,1725386750
addons,addons/ha-addons/whatsapp_addon/Baileys/src/Store/make-ordered-dictionary.ts,1606,1725386750
addons,addons/ha-addons/whatsapp_addon/Baileys/src/Store/object-repository.ts,553,1725386750
addons,addons/ha-addons/whatsapp_addon/Baileys/src/Tests/test.app-state-sync.ts,4182,1725386750
addons,addons/ha-addons/whatsapp_addon/Baileys/src/Tests/test.event-buffer.ts,8299,1725386750
addons,addons/ha-addons/whatsapp_addon/Baileys/src/Tests/test.key-store.ts,2123,1725386750
addons,addons/ha-addons/whatsapp_addon/Baileys/src/Tests/test.libsignal.ts,4413,1725386750
addons,addons/ha-addons/whatsapp_addon/Baileys/src/Tests/test.media-download.ts,2464,1725386750
addons,addons/ha-addons/whatsapp_addon/Baileys/src/Tests/test.messages.ts,774,1725386750
addons,addons/ha-addons/whatsapp_addon/Baileys/src/Tests/utils.ts,891,1725386750
addons,addons/ha-addons/whatsapp_addon/Baileys/src/Types/Auth.ts,3148,1725386750
addons,addons/ha-addons/whatsapp_addon/Baileys/src/Types/Call.ts,292,1725386750
addons,addons/ha-addons/whatsapp_addon/Baileys/src/Types/Chat.ts,3604,1725386750
addons,addons/ha-addons/whatsapp_addon/Baileys/src/Types/Contact.ts,621,1725386750
addons,addons/ha-addons/whatsapp_addon/Baileys/src/Types/Events.ts,4349,1725386750
addons,addons/ha-addons/whatsapp_addon/Baileys/src/Types/GroupMetadata.ts,1875,1725386750
addons,addons/ha-addons/whatsapp_addon/Baileys/src/Types/Label.ts,633,1725386750
addons,addons/ha-addons/whatsapp_addon/Baileys/src/Types/LabelAssociation.ts,843,1725386750
addons,addons/ha-addons/whatsapp_addon/Baileys/src/Types/Message.ts,9077,1725386750
addons,addons/ha-addons/whatsapp_addon/Baileys/src/Types/Product.ts,1573,1725386750
addons,addons/ha-addons/whatsapp_addon/Baileys/src/Types/Signal.ts,1400,1725386750
addons,addons/ha-addons/whatsapp_addon/Baileys/src/Types/Socket.ts,4486,1725386750
addons,addons/ha-addons/whatsapp_addon/Baileys/src/Types/State.ts,804,1725386750
addons,addons/ha-addons/whatsapp_addon/Baileys/src/Types/index.ts,1653,1725386750
addons,addons/ha-addons/whatsapp_addon/Baileys/src/Utils/auth-utils.ts,6091,1725386750
addons,addons/ha-addons/whatsapp_addon/Baileys/src/Utils/baileys-event-stream.ts,1924,1725386750
addons,addons/ha-addons/whatsapp_addon/Baileys/src/Utils/business.ts,7271,1725386750
addons,addons/ha-addons/whatsapp_addon/Baileys/src/Utils/chat-utils.ts,25743,1725386750
addons,addons/ha-addons/whatsapp_addon/Baileys/src/Utils/crypto.ts,4844,1725386750
addons,addons/ha-addons/whatsapp_addon/Baileys/src/Utils/decode-wa-message.ts,5358,1725386750
addons,addons/ha-addons/whatsapp_addon/Baileys/src/Utils/event-buffer.ts,16993,1725386750
addons,addons/ha-addons/whatsapp_addon/Baileys/src/Utils/generics.ts,11752,1725386750
addons,addons/ha-addons/whatsapp_addon/Baileys/src/Utils/history.ts,3118,1725386750
addons,addons/ha-addons/whatsapp_addon/Baileys/src/Utils/index.ts,532,1725386750
addons,addons/ha-addons/whatsapp_addon/Baileys/src/Utils/link-preview.ts,3262,1725386750
addons,addons/ha-addons/whatsapp_addon/Baileys/src/Utils/logger.ts,95,1725386750
addons,addons/ha-addons/whatsapp_addon/Baileys/src/Utils/lt-hash.ts,1397,1725386750
addons,addons/ha-addons/whatsapp_addon/Baileys/src/Utils/make-mutex.ts,992,1725386750
addons,addons/ha-addons/whatsapp_addon/Baileys/src/Utils/messages-media.ts,22171,1725386750
addons,addons/ha-addons/whatsapp_addon/Baileys/src/Utils/messages.ts,27214,1725386750
addons,addons/ha-addons/whatsapp_addon/Baileys/src/Utils/noise-handler.ts,5165,1725386750
addons,addons/ha-addons/whatsapp_addon/Baileys/src/Utils/process-message.ts,13750,1725386750
addons,addons/ha-addons/whatsapp_addon/Baileys/src/Utils/signal.ts,6311,1725386750
addons,addons/ha-addons/whatsapp_addon/Baileys/src/Utils/use-multi-file-auth-state.ts,3230,1725386750
addons,addons/ha-addons/whatsapp_addon/Baileys/src/Utils/validate-connection.ts,7668,1725386750
addons,addons/ha-addons/whatsapp_addon/Baileys/src/WABinary/constants.ts,28976,1725386750
addons,addons/ha-addons/whatsapp_addon/Baileys/src/WABinary/decode.ts,6168,1725386750
addons,addons/ha-addons/whatsapp_addon/Baileys/src/WABinary/encode.ts,5856,1725386750
addons,addons/ha-addons/whatsapp_addon/Baileys/src/WABinary/generic-utils.ts,3159,1725386750
addons,addons/ha-addons/whatsapp_addon/Baileys/src/WABinary/index.ts,133,1725386750
addons,addons/ha-addons/whatsapp_addon/Baileys/src/WABinary/jid-utils.ts,2125,1725386750
addons,addons/ha-addons/whatsapp_addon/Baileys/src/WABinary/types.ts,607,1725386750
addons,addons/ha-addons/whatsapp_addon/Baileys/src/WAM/BinaryInfo.ts,250,1725386750
addons,addons/ha-addons/whatsapp_addon/Baileys/src/WAM/constants.ts,342639,1725386750
addons,addons/ha-addons/whatsapp_addon/Baileys/src/WAM/encode.ts,5111,1725386750
addons,addons/ha-addons/whatsapp_addon/Baileys/src/WAM/index.ts,81,1725386750
addons,addons/ha-addons/whatsapp_addon/Baileys/src/index.ts,320,1725386750
addons,addons/ha-addons/whatsapp_addon/Baileys/tsconfig.json,610,1725386750
addons,addons/ha-addons/whatsapp_addon/Baileys/typedoc.json,206,1725386750
addons,addons/ha-addons/whatsapp_addon/Baileys/yarn.lock,365899,1725386750
addons,addons/ha-addons/whatsapp_addon/CHANGELOG.md,2101,1725386750
addons,addons/ha-addons/whatsapp_addon/DOCS.md,4385,1725386750
addons,addons/ha-addons/whatsapp_addon/Dockerfile,207,1725386750
addons,addons/ha-addons/whatsapp_addon/README.md,1669,1725386750
addons,addons/ha-addons/whatsapp_addon/build.yaml,258,1725386750
addons,addons/ha-addons/whatsapp_addon/config.yaml,388,1725386750
addons,addons/ha-addons/whatsapp_addon/custom_component/__init__.py,1580,1725386750
addons,addons/ha-addons/whatsapp_addon/custom_component/manifest.json,196,1725386750
addons,addons/ha-addons/whatsapp_addon/custom_component/services.yaml,2794,1725386750
addons,addons/ha-addons/whatsapp_addon/custom_component/whatsapp.py,808,1725386750
addons,addons/ha-addons/whatsapp_addon/devcontainer.json,988,1725386750
addons,addons/ha-addons/whatsapp_addon/finish.sh,213,1725386750
addons,addons/ha-addons/whatsapp_addon/index.js,6705,1725386750
addons,addons/ha-addons/whatsapp_addon/package.json,518,1725386750
addons,addons/ha-addons/whatsapp_addon/run.sh,276,1725386750
addons,addons/ha-addons/whatsapp_addon/translations/en.yaml,86,1725386750
addons,addons/ha-addons/whatsapp_addon/whatsapp.js,8147,1725386750
addons,addons/whatsapp_addon/CHANGELOG.md,241,1725386861
addons,addons/whatsapp_addon/Example/boot_analytics_test.json,24700,1725386861
addons,addons/whatsapp_addon/Example/example.ts,10411,1725386861
addons,addons/whatsapp_addon/LICENSE,1071,1725386861
addons,addons/whatsapp_addon/Media/.gitignore,18,1725386861
addons,addons/whatsapp_addon/README.md,34930,1725386861
addons,addons/whatsapp_addon/WAProto/GenerateStatics.sh,301,1725386861
addons,addons/whatsapp_addon/WAProto/WAProto.proto,106961,1725386861
addons,addons/whatsapp_addon/WAProto/index.d.ts,1618198,1725386861
addons,addons/whatsapp_addon/WAProto/index.js,5188815,1725386861
addons,addons/whatsapp_addon/WASignalGroup/GroupProtocol.js,78531,1725386861
addons,addons/whatsapp_addon/WASignalGroup/ciphertext_message.js,264,1725386861
addons,addons/whatsapp_addon/WASignalGroup/generate-proto.sh,102,1725386861
addons,addons/whatsapp_addon/WASignalGroup/group.proto,977,1725386861
addons,addons/whatsapp_addon/WASignalGroup/group_cipher.js,4040,1725386861
addons,addons/whatsapp_addon/WASignalGroup/group_session_builder.js,1879,1725386861
addons,addons/whatsapp_addon/WASignalGroup/index.js,341,1725386861
addons,addons/whatsapp_addon/WASignalGroup/keyhelper.js,453,1725386861
addons,addons/whatsapp_addon/WASignalGroup/protobufs.js,78,1725386861
addons,addons/whatsapp_addon/WASignalGroup/queue_job.js,2078,1725386861
addons,addons/whatsapp_addon/WASignalGroup/readme.md,320,1725386861
addons,addons/whatsapp_addon/WASignalGroup/sender_chain_key.js,1147,1725386861
addons,addons/whatsapp_addon/WASignalGroup/sender_key_distribution_message.js,2050,1725386861
addons,addons/whatsapp_addon/WASignalGroup/sender_key_message.js,2588,1725386861
addons,addons/whatsapp_addon/WASignalGroup/sender_key_name.js,1372,1725386861
addons,addons/whatsapp_addon/WASignalGroup/sender_key_record.js,1652,1725386861
addons,addons/whatsapp_addon/WASignalGroup/sender_key_state.js,4809,1725386861
addons,addons/whatsapp_addon/WASignalGroup/sender_message_key.js,917,1725386861
addons,addons/whatsapp_addon/jest.config.js,223,1725386861
addons,addons/whatsapp_addon/package.json,2868,1725386861
addons,addons/whatsapp_addon/proto-extract/.gitignore,22,1725386861
addons,addons/whatsapp_addon/proto-extract/README.md,433,1725386861
addons,addons/whatsapp_addon/proto-extract/index.js,13229,1725386861
addons,addons/whatsapp_addon/proto-extract/package.json,320,1725386861
addons,addons/whatsapp_addon/proto-extract/yarn.lock,14812,1725386861
addons,addons/whatsapp_addon/src/Defaults/baileys-version.json,29,1725386861
addons,addons/whatsapp_addon/src/Defaults/index.ts,4509,1725386861
addons,addons/whatsapp_addon/src/Defaults/phonenumber-mcc.json,2883,1725386861
addons,addons/whatsapp_addon/src/Signal/libsignal.ts,4657,1725386861
addons,addons/whatsapp_addon/src/Socket/Client/abstract-socket-client.ts,563,1725386861
addons,addons/whatsapp_addon/src/Socket/Client/index.ts,115,1725386861
addons,addons/whatsapp_addon/src/Socket/Client/mobile-socket-client.ts,1598,1725386861
addons,addons/whatsapp_addon/src/Socket/Client/web-socket-client.ts,1452,1725386861
addons,addons/whatsapp_addon/src/Socket/business.ts,5704,1725386861
addons,addons/whatsapp_addon/src/Socket/chats.ts,25170,1725386861
addons,addons/whatsapp_addon/src/Socket/groups.ts,10202,1725386861
addons,addons/whatsapp_addon/src/Socket/index.ts,362,1725386861
addons,addons/whatsapp_addon/src/Socket/messages-recv.ts,27350,1725386861
addons,addons/whatsapp_addon/src/Socket/messages-send.ts,21856,1725386861
addons,addons/whatsapp_addon/src/Socket/registration.ts,7533,1725386861
addons,addons/whatsapp_addon/src/Socket/socket.ts,20495,1725386861
addons,addons/whatsapp_addon/src/Store/index.ts,177,1725386861
addons,addons/whatsapp_addon/src/Store/make-cache-manager-store.ts,2512,1725386861
addons,addons/whatsapp_addon/src/Store/make-in-memory-store.ts,14108,1725386861
addons,addons/whatsapp_addon/src/Store/make-ordered-dictionary.ts,1606,1725386861
addons,addons/whatsapp_addon/src/Store/object-repository.ts,553,1725386861
addons,addons/whatsapp_addon/src/Tests/test.app-state-sync.ts,4182,1725386861
addons,addons/whatsapp_addon/src/Tests/test.event-buffer.ts,8299,1725386861
addons,addons/whatsapp_addon/src/Tests/test.key-store.ts,2123,1725386861
addons,addons/whatsapp_addon/src/Tests/test.libsignal.ts,4413,1725386861
addons,addons/whatsapp_addon/src/Tests/test.media-download.ts,2464,1725386861
addons,addons/whatsapp_addon/src/Tests/test.messages.ts,774,1725386861
addons,addons/whatsapp_addon/src/Tests/utils.ts,891,1725386861
addons,addons/whatsapp_addon/src/Types/Auth.ts,3148,1725386861
addons,addons/whatsapp_addon/src/Types/Call.ts,292,1725386861
addons,addons/whatsapp_addon/src/Types/Chat.ts,3604,1725386861
addons,addons/whatsapp_addon/src/Types/Contact.ts,621,1725386861
addons,addons/whatsapp_addon/src/Types/Events.ts,4349,1725386861
addons,addons/whatsapp_addon/src/Types/GroupMetadata.ts,1875,1725386861
addons,addons/whatsapp_addon/src/Types/Label.ts,633,1725386861
addons,addons/whatsapp_addon/src/Types/LabelAssociation.ts,843,1725386861
addons,addons/whatsapp_addon/src/Types/Message.ts,9077,1725386861
addons,addons/whatsapp_addon/src/Types/Product.ts,1573,1725386861
addons,addons/whatsapp_addon/src/Types/Signal.ts,1400,1725386861
addons,addons/whatsapp_addon/src/Types/Socket.ts,4486,1725386861
addons,addons/whatsapp_addon/src/Types/State.ts,804,1725386861
addons,addons/whatsapp_addon/src/Types/index.ts,1653,1725386861
addons,addons/whatsapp_addon/src/Utils/auth-utils.ts,6091,1725386861
addons,addons/whatsapp_addon/src/Utils/baileys-event-stream.ts,1924,1725386861
addons,addons/whatsapp_addon/src/Utils/business.ts,7271,1725386861
addons,addons/whatsapp_addon/src/Utils/chat-utils.ts,25743,1725386861
addons,addons/whatsapp_addon/src/Utils/crypto.ts,4844,1725386861
addons,addons/whatsapp_addon/src/Utils/decode-wa-message.ts,5358,1725386861
addons,addons/whatsapp_addon/src/Utils/event-buffer.ts,16993,1725386861
addons,addons/whatsapp_addon/src/Utils/generics.ts,11752,1725386861
addons,addons/whatsapp_addon/src/Utils/history.ts,3118,1725386861
addons,addons/whatsapp_addon/src/Utils/index.ts,532,1725386861
addons,addons/whatsapp_addon/src/Utils/link-preview.ts,3262,1725386861
addons,addons/whatsapp_addon/src/Utils/logger.ts,95,1725386861
addons,addons/whatsapp_addon/src/Utils/lt-hash.ts,1397,1725386861
addons,addons/whatsapp_addon/src/Utils/make-mutex.ts,992,1725386861
addons,addons/whatsapp_addon/src/Utils/messages-media.ts,22171,1725386861
addons,addons/whatsapp_addon/src/Utils/messages.ts,27214,1725386861
addons,addons/whatsapp_addon/src/Utils/noise-handler.ts,5165,1725386861
addons,addons/whatsapp_addon/src/Utils/process-message.ts,13750,1725386861
addons,addons/whatsapp_addon/src/Utils/signal.ts,6311,1725386861
addons,addons/whatsapp_addon/src/Utils/use-multi-file-auth-state.ts,3230,1725386861
addons,addons/whatsapp_addon/src/Utils/validate-connection.ts,7668,1725386861
addons,addons/whatsapp_addon/src/WABinary/constants.ts,28976,1725386861
addons,addons/whatsapp_addon/src/WABinary/decode.ts,6168,1725386861
addons,addons/whatsapp_addon/src/WABinary/encode.ts,5856,1725386861
addons,addons/whatsapp_addon/src/WABinary/generic-utils.ts,3159,1725386861
addons,addons/whatsapp_addon/src/WABinary/index.ts,133,1725386861
addons,addons/whatsapp_addon/src/WABinary/jid-utils.ts,2125,1725386861
addons,addons/whatsapp_addon/src/WABinary/types.ts,607,1725386861
addons,addons/whatsapp_addon/src/WAM/BinaryInfo.ts,250,1725386861
addons,addons/whatsapp_addon/src/WAM/constants.ts,342639,1725386861
addons,addons/whatsapp_addon/src/WAM/encode.ts,5111,1725386861
addons,addons/whatsapp_addon/src/WAM/index.ts,81,1725386861
addons,addons/whatsapp_addon/src/index.ts,320,1725386861
addons,addons/whatsapp_addon/tsconfig.json,610,1725386861
addons,addons/whatsapp_addon/typedoc.json,206,1725386861
addons,addons/whatsapp_addon/yarn.lock,365899,1725386861
